{"tissue_hires_scalef": 0.3333333333333333, "tissue_lowres_scalef": 0.1, "fiducial_diameter_fullres": 147.6470588235294, "spot_diameter_fullres": 117.6470588235294}